candidate,metric,value,status,reason
candidate_0019,h2_percent,,error,"SimulationError: ngspice exit 0: 
doAnalyses: TRAN:  Timestep too small"
candidate_0019,h3_percent,,error,"SimulationError: ngspice exit 0: 
doAnalyses: TRAN:  Timestep too small"
candidate_0019,h4_to_h10_percent,,error,"SimulationError: ngspice exit 0: 
doAnalyses: TRAN:  Timestep too small"
candidate_0019,thd_percent,,error,"SimulationError: ngspice exit 0: 
doAnalyses: TRAN:  Timestep too small"
candidate_0019,clipping_v,,error,"SimulationError: ngspice exit 0: 
doAnalyses: TRAN:  Timestep too small"
candidate_0019,headroom_pa_rms,,error,"SimulationError: ngspice exit 0: 
doAnalyses: TRAN:  Timestep too small"
candidate_0023,h2_percent,,error,"SimulationError: ngspice exit 0: 
doAnalyses: TRAN:  Timestep too small"
candidate_0023,h3_percent,,error,"SimulationError: ngspice exit 0: 
doAnalyses: TRAN:  Timestep too small"
candidate_0023,h4_to_h10_percent,,error,"SimulationError: ngspice exit 0: 
doAnalyses: TRAN:  Timestep too small"
candidate_0023,thd_percent,,error,"SimulationError: ngspice exit 0: 
doAnalyses: TRAN:  Timestep too small"
candidate_0023,clipping_v,,error,"SimulationError: ngspice exit 0: 
doAnalyses: TRAN:  Timestep too small"
candidate_0023,headroom_pa_rms,,error,"SimulationError: ngspice exit 0: 
doAnalyses: TRAN:  Timestep too small"
candidate_0012,h2_percent,,error,"SimulationError: Command '['/home/leobareth/Dokumente/Hardware/audio-works/meridian-microphone/lab/tools/ngspice-run', '-n', '-b', 'job.cir']' timed out after 60 seconds"
candidate_0012,h3_percent,,error,"SimulationError: Command '['/home/leobareth/Dokumente/Hardware/audio-works/meridian-microphone/lab/tools/ngspice-run', '-n', '-b', 'job.cir']' timed out after 60 seconds"
candidate_0012,h4_to_h10_percent,,error,"SimulationError: Command '['/home/leobareth/Dokumente/Hardware/audio-works/meridian-microphone/lab/tools/ngspice-run', '-n', '-b', 'job.cir']' timed out after 60 seconds"
candidate_0012,thd_percent,,error,"SimulationError: Command '['/home/leobareth/Dokumente/Hardware/audio-works/meridian-microphone/lab/tools/ngspice-run', '-n', '-b', 'job.cir']' timed out after 60 seconds"
candidate_0012,clipping_v,,error,"SimulationError: Command '['/home/leobareth/Dokumente/Hardware/audio-works/meridian-microphone/lab/tools/ngspice-run', '-n', '-b', 'job.cir']' timed out after 60 seconds"
candidate_0012,headroom_pa_rms,,error,"SimulationError: Command '['/home/leobareth/Dokumente/Hardware/audio-works/meridian-microphone/lab/tools/ngspice-run', '-n', '-b', 'job.cir']' timed out after 60 seconds"
candidate_0010,h2_percent,,error,ngspice exit 0: Warning
candidate_0010,h3_percent,,error,ngspice exit 0: Warning
candidate_0010,h4_to_h10_percent,,error,ngspice exit 0: Warning
candidate_0010,thd_percent,,error,ngspice exit 0: Warning
candidate_0010,clipping_v,,error,ngspice exit 0: Warning
candidate_0010,headroom_pa_rms,,error,ngspice exit 0: Warning
candidate_0014,h2_percent,,error,ngspice exit 0: Warning
candidate_0014,h3_percent,,error,ngspice exit 0: Warning
candidate_0014,h4_to_h10_percent,,error,ngspice exit 0: Warning
candidate_0014,thd_percent,,error,ngspice exit 0: Warning
candidate_0014,clipping_v,,error,ngspice exit 0: Warning
candidate_0014,headroom_pa_rms,,error,ngspice exit 0: Warning
candidate_0013,h2_percent,,incomplete,Periodic architecture: ordinary DC-linearized audio/noise screens do not qualify demodulated behavior
candidate_0013,h3_percent,,incomplete,Periodic architecture: ordinary DC-linearized audio/noise screens do not qualify demodulated behavior
candidate_0013,h4_to_h10_percent,,incomplete,Periodic architecture: ordinary DC-linearized audio/noise screens do not qualify demodulated behavior
candidate_0013,thd_percent,,incomplete,Periodic architecture: ordinary DC-linearized audio/noise screens do not qualify demodulated behavior
candidate_0013,clipping_v,,incomplete,Periodic architecture: ordinary DC-linearized audio/noise screens do not qualify demodulated behavior
candidate_0013,headroom_pa_rms,,incomplete,Periodic architecture: ordinary DC-linearized audio/noise screens do not qualify demodulated behavior
