candidate,group,output_v_rms,pressure_pa_rms_conditional,pressure_a_pa_rms_conditional,vectors,power_closure_relative
candidate_0019,input semiconductor,4.4852836768145856e-07,3.438444700482412e-05,1.646537595691153e-05,"[""onoise_d.xdut.xjinput.d_d1"", ""onoise_j.xdut.xjinput.j_j1""]",1.003270211911657e-15
candidate_0019,output drive and coupling,2.602552815948887e-06,0.00019617373974845488,0.0001549497857791093,"[""onoise_d.xdut.xqinvert.d1"", ""onoise_d.xdut.xqoutn.d1"", ""onoise_d.xdut.xqoutp.d1"", ""onoise_q.xdut.xqinvert.q1"", ""onoise_q.xdut.xqinvert.q2"", ""onoise_q.xdut.xqoutn.q1"", ""onoise_q.xdut.xqoutn.q2"", ""onoise_q.xdut.xqoutp.q1"", ""onoise_q.xdut.xqoutp.q2"", ""onoise_r.xdut.rcoutn0leak"", ""onoise_r.xdut.rcoutn0loss"", ""onoise_r.xdut.rcoutn1leak"", ""onoise_r.xdut.rcoutn1loss"", ""onoise_r.xdut.rcoutn2leak"", ""onoise_r.xdut.rcoutn2loss"", ""onoise_r.xdut.rcoutn3leak"", ""onoise_r.xdut.rcoutn3loss"", ""onoise_r.xdut.rcoutp0leak"", ""onoise_r.xdut.rcoutp0loss"", ""onoise_r.xdut.rcoutp1leak"", ""onoise_r.xdut.rcoutp1loss"", ""onoise_r.xdut.rcoutp2leak"", ""onoise_r.xdut.rcoutp2loss"", ""onoise_r.xdut.rcoutp3leak"", ""onoise_r.xdut.rcoutp3loss"", ""onoise_r.xdut.rinvcollector"", ""onoise_r.xdut.rinvemitter"", ""onoise_r.xdut.routloadn"", ""onoise_r.xdut.routloadp"", ""onoise_r.xdut.routn"", ""onoise_r.xdut.routp"", ""onoise_r.xdut.xqinvert.rq"", ""onoise_r.xdut.xqoutn.rq"", ""onoise_r.xdut.xqoutp.rq""]",1.003270211911657e-15
candidate_0019,power and midpoint,7.584922306313341e-08,5.773040220258014e-06,3.6024230583457407e-06,"[""onoise_d.xdut.xqreg.d1"", ""onoise_q.xdut.xqreg.q1"", ""onoise_q.xdut.xqreg.q2"", ""onoise_r.xdut.rharvestn"", ""onoise_r.xdut.rharvestp"", ""onoise_r.xdut.rmidbottom"", ""onoise_r.xdut.rmidtop"", ""onoise_r.xdut.rregbottom"", ""onoise_r.xdut.rregtop"", ""onoise_r.xdut.xqreg.rq""]",1.003270211911657e-15
candidate_0019,capsule Johnson surrogate (excluded),9.705049885560944e-08,7.497765002739813e-06,1.7216949133038943e-06,"[""onoise_r.xcap.rfront"", ""onoise_r.xcap.rrear""]",1.003270211911657e-15
candidate_0019,polarization network,6.760925520368476e-08,5.222332754149423e-06,1.2042790885887974e-06,"[""onoise_r.xdut.rback"", ""onoise_r.xdut.rpolar0"", ""onoise_r.xdut.rpolar1"", ""onoise_r.xdut.rpolar2"", ""onoise_r.xdut.rpolar3"", ""onoise_r.xdut.rpolar4"", ""onoise_r.xdut.rpolar5"", ""onoise_r.xdut.rpolar6"", ""onoise_r.xdut.rpolar7"", ""onoise_r.xdut.rpolar8"", ""onoise_r.xdut.rpolar9""]",1.003270211911657e-15
candidate_0019,"input bias, reset and degeneration",3.0715241045977896e-06,0.00023729326139185073,5.455720202847511e-05,"[""onoise_r.xdut.rbias"", ""onoise_r.xdut.rgatebottom"", ""onoise_r.xdut.rgatetop0"", ""onoise_r.xdut.rgatetop1"", ""onoise_r.xdut.rgatetop2"", ""onoise_r.xdut.rrear"", ""onoise_r.xdut.rsignal"", ""onoise_r.xdut.rsource""]",1.003270211911657e-15
candidate_0019,environment (excluded),8.765735557677061e-08,6.609300790105825e-06,5.191538878235438e-06,"[""onoise_r.xenv.rfeedn"", ""onoise_r.xenv.rfeedp"", ""onoise_r.xenv.rinn"", ""onoise_r.xenv.rinp"", ""onoise_r.xenv.rshield"", ""onoise_r.xenv.rwiren"", ""onoise_r.xenv.rwirep""]",1.003270211911657e-15
candidate_0023,input semiconductor,4.2015391779324083e-07,3.999026208312316e-05,1.946236508793669e-05,"[""onoise_d.xdut.xjinput.d_d1"", ""onoise_j.xdut.xjinput.j_j1""]",8.80325543664617e-16
candidate_0023,output drive and coupling,2.5039767814892907e-06,0.0002441472665910426,0.00019192981096025161,"[""onoise_d.xdut.xqinvert.d1"", ""onoise_d.xdut.xqoutn.d1"", ""onoise_d.xdut.xqoutp.d1"", ""onoise_q.xdut.xqinvert.q1"", ""onoise_q.xdut.xqinvert.q2"", ""onoise_q.xdut.xqoutn.q1"", ""onoise_q.xdut.xqoutn.q2"", ""onoise_q.xdut.xqoutp.q1"", ""onoise_q.xdut.xqoutp.q2"", ""onoise_r.xdut.rcoutn0leak"", ""onoise_r.xdut.rcoutn0loss"", ""onoise_r.xdut.rcoutn1leak"", ""onoise_r.xdut.rcoutn1loss"", ""onoise_r.xdut.rcoutn2leak"", ""onoise_r.xdut.rcoutn2loss"", ""onoise_r.xdut.rcoutn3leak"", ""onoise_r.xdut.rcoutn3loss"", ""onoise_r.xdut.rcoutp0leak"", ""onoise_r.xdut.rcoutp0loss"", ""onoise_r.xdut.rcoutp1leak"", ""onoise_r.xdut.rcoutp1loss"", ""onoise_r.xdut.rcoutp2leak"", ""onoise_r.xdut.rcoutp2loss"", ""onoise_r.xdut.rcoutp3leak"", ""onoise_r.xdut.rcoutp3loss"", ""onoise_r.xdut.rinvcollector"", ""onoise_r.xdut.rinvemitter"", ""onoise_r.xdut.routloadn"", ""onoise_r.xdut.routloadp"", ""onoise_r.xdut.routn"", ""onoise_r.xdut.routp"", ""onoise_r.xdut.xqinvert.rq"", ""onoise_r.xdut.xqoutn.rq"", ""onoise_r.xdut.xqoutp.rq""]",8.80325543664617e-16
candidate_0023,power and midpoint,8.358491484875316e-08,7.997323253823675e-06,5.063673284922086e-06,"[""onoise_d.xdut.xqreg.d1"", ""onoise_q.xdut.xqreg.q1"", ""onoise_q.xdut.xqreg.q2"", ""onoise_r.xdut.rharvestn"", ""onoise_r.xdut.rharvestp"", ""onoise_r.xdut.rmidbottom"", ""onoise_r.xdut.rmidtop"", ""onoise_r.xdut.rregbottom"", ""onoise_r.xdut.rregtop"", ""onoise_r.xdut.xqreg.rq""]",8.80325543664617e-16
candidate_0023,servo,5.368853423351777e-07,5.187456646562409e-05,3.37742873790964e-05,"[""onoise_d.xdut.xqservoerror.d1"", ""onoise_d.xdut.xqservoref.d1"", ""onoise_q.xdut.xqservoerror.q1"", ""onoise_q.xdut.xqservoerror.q2"", ""onoise_q.xdut.xqservoref.q1"", ""onoise_q.xdut.xqservoref.q2"", ""onoise_r.xdut.rservoout"", ""onoise_r.xdut.rservoref0"", ""onoise_r.xdut.rservoref1"", ""onoise_r.xdut.rservoref2"", ""onoise_r.xdut.rservoref3"", ""onoise_r.xdut.rservoref4"", ""onoise_r.xdut.rservoref5"", ""onoise_r.xdut.rservoref6"", ""onoise_r.xdut.rservoref7"", ""onoise_r.xdut.rservoref8"", ""onoise_r.xdut.rservoref9"", ""onoise_r.xdut.rservoref10"", ""onoise_r.xdut.rservoref11"", ""onoise_r.xdut.rservoref12"", ""onoise_r.xdut.rservoref13"", ""onoise_r.xdut.rservoref14"", ""onoise_r.xdut.rservorefground"", ""onoise_r.xdut.rservosense0"", ""onoise_r.xdut.rservosense1"", ""onoise_r.xdut.rservosense2"", ""onoise_r.xdut.rservosenseground"", ""onoise_r.xdut.rservotail"", ""onoise_r.xdut.xqservoerror.rq"", ""onoise_r.xdut.xqservoref.rq""]",8.80325543664617e-16
candidate_0023,capsule Johnson surrogate (excluded),9.269018716833157e-08,8.734646447055823e-06,2.2012603242194443e-06,"[""onoise_r.xcap.rfront"", ""onoise_r.xcap.rrear""]",8.80325543664617e-16
candidate_0023,polarization network,1.0296624037764235e-05,0.000979219042352373,0.0009344194922352595,"[""onoise_r.xdut.rback"", ""onoise_r.xdut.rpolar0"", ""onoise_r.xdut.rpolar1"", ""onoise_r.xdut.rpolar2"", ""onoise_r.xdut.rpolar3"", ""onoise_r.xdut.rpolar4"", ""onoise_r.xdut.rpolar5"", ""onoise_r.xdut.rpolar6"", ""onoise_r.xdut.rpolar7"", ""onoise_r.xdut.rpolar8"", ""onoise_r.xdut.rpolar9""]",8.80325543664617e-16
candidate_0023,"input bias, reset and degeneration",3.055845374556863e-06,0.00028867383654800945,9.721817181478709e-05,"[""onoise_r.xdut.rbias"", ""onoise_r.xdut.rrear"", ""onoise_r.xdut.rsignal"", ""onoise_r.xdut.rsource""]",8.80325543664617e-16
candidate_0023,environment (excluded),9.499960196062038e-08,9.259717579111737e-06,7.249590734478723e-06,"[""onoise_r.xenv.rfeedn"", ""onoise_r.xenv.rfeedp"", ""onoise_r.xenv.rinn"", ""onoise_r.xenv.rinp"", ""onoise_r.xenv.rshield"", ""onoise_r.xenv.rwiren"", ""onoise_r.xenv.rwirep""]",8.80325543664617e-16
candidate_0012,input semiconductor,8.587851258422848e-07,0.05822753860806683,0.023110878496125663,"[""onoise_d.xdut.xqinput.d1"", ""onoise_d.xdut.xqreference.d1"", ""onoise_q.xdut.xqinput.q1"", ""onoise_q.xdut.xqinput.q2"", ""onoise_q.xdut.xqreference.q1"", ""onoise_q.xdut.xqreference.q2"", ""onoise_r.xdut.xqinput.rq"", ""onoise_r.xdut.xqreference.rq""]",9.372915433985834e-16
candidate_0012,output drive and coupling,1.5771926237646087e-06,0.05225275741873989,0.04387769223591141,"[""onoise_d.xdut.xqoutn.d1"", ""onoise_d.xdut.xqoutp.d1"", ""onoise_q.xdut.xqoutn.q1"", ""onoise_q.xdut.xqoutn.q2"", ""onoise_q.xdut.xqoutp.q1"", ""onoise_q.xdut.xqoutp.q2"", ""onoise_r.xdut.routloadn"", ""onoise_r.xdut.routloadp"", ""onoise_r.xdut.routn"", ""onoise_r.xdut.routp"", ""onoise_r.xdut.xqoutn.rq"", ""onoise_r.xdut.xqoutp.rq""]",9.372915433985834e-16
candidate_0012,power and midpoint,9.474769867715816e-08,0.011535482325618757,0.0032099247853906994,"[""onoise_d.xdut.xqreg.d1"", ""onoise_q.xdut.xqreg.q1"", ""onoise_q.xdut.xqreg.q2"", ""onoise_r.xdut.rharvestn"", ""onoise_r.xdut.rharvestp"", ""onoise_r.xdut.rmidbottom"", ""onoise_r.xdut.rmidtop"", ""onoise_r.xdut.rregbottom"", ""onoise_r.xdut.rregtop"", ""onoise_r.xdut.xqreg.rq""]",9.372915433985834e-16
candidate_0012,capsule Johnson surrogate (excluded),8.355941671837243e-11,8.826984488542226e-06,2.22402789452948e-06,"[""onoise_r.xcap.rfront"", ""onoise_r.xcap.rrear""]",9.372915433985834e-16
candidate_0012,polarization network,3.907651037939645e-08,0.000989288018221742,0.0009440132126308008,"[""onoise_r.xdut.rback"", ""onoise_r.xdut.rpolar0"", ""onoise_r.xdut.rpolar1"", ""onoise_r.xdut.rpolar2"", ""onoise_r.xdut.rpolar3"", ""onoise_r.xdut.rpolar4"", ""onoise_r.xdut.rpolar5"", ""onoise_r.xdut.rpolar6"", ""onoise_r.xdut.rpolar7"", ""onoise_r.xdut.rpolar8"", ""onoise_r.xdut.rpolar9""]",9.372915433985834e-16
candidate_0012,"input bias, reset and degeneration",2.4466178034754873e-06,0.08195961815132864,0.06806677051354353,"[""onoise_r.xdut.rcollector1"", ""onoise_r.xdut.rcollector2"", ""onoise_r.xdut.remitter1"", ""onoise_r.xdut.remitter2"", ""onoise_r.xdut.rfeedbacka"", ""onoise_r.xdut.rfeedbackb"", ""onoise_r.xdut.rrear"", ""onoise_r.xdut.rrefbottom"", ""onoise_r.xdut.rreftop"", ""onoise_r.xdut.rtail""]",9.372915433985834e-16
candidate_0012,environment (excluded),7.239941743321037e-08,0.0029474926929406856,0.002011546176873568,"[""onoise_r.xenv.rfeedn"", ""onoise_r.xenv.rfeedp"", ""onoise_r.xenv.rinn"", ""onoise_r.xenv.rinp"", ""onoise_r.xenv.rshield"", ""onoise_r.xenv.rwiren"", ""onoise_r.xenv.rwirep""]",9.372915433985834e-16
