scenario,parameters,conventional_response_db,servo_response_db,conventional_status,servo_status,smaller_response_deviation,production_ranking
VS_low,"{""VS"": 44}",0.6551048513705682,0.48099560743383896,pass,pass,candidate_0023,
VS_high,"{""VS"": 52}",0.6650735205914114,0.46479910112344613,pass,pass,candidate_0023,
FT_low,"{""FT"": -0.2}",0.6647004006654799,0.4651646389980802,pass,pass,candidate_0023,
FT_high,"{""FT"": 0.2}",0.6566317318321402,0.47923466007323995,pass,pass,candidate_0023,
FM_low,"{""FM"": -0.004}",0.6605621348904468,0.472125259473533,pass,pass,candidate_0023,
FM_high,"{""FM"": 0.004}",0.6605482408979837,0.47212089705602006,pass,pass,candidate_0023,
CF_low,"{""CF"": 4.5e-11}",0.7218823630112519,0.49061059749621716,pass,pass,candidate_0023,
CF_high,"{""CF"": 1e-10}",0.6364015364632272,0.48140880460858304,pass,pass,candidate_0023,
CR_low,"{""CR"": 4.5e-11}",0.6605551269002863,0.7856253758779387,pass,pass,candidate_0019,
CR_high,"{""CR"": 1e-10}",0.6605551164068333,0.4487083494621379,pass,pass,candidate_0023,
LEAK_low,"{""LEAK"": 1000000000.0}",22.804199064497503,18.459124221643734,fail,fail,candidate_0023,
LEAK_high,"{""LEAK"": 100000000000000.0}",0.6604853324775313,0.4721119396048976,pass,pass,candidate_0023,
PAR_low,"{""PAR"": 5e-13}",0.6625897768690919,0.4958744310217019,pass,pass,candidate_0023,
PAR_high,"{""PAR"": 1e-11}",0.6514969022215588,1.0288448385226099,pass,fail,candidate_0019,
SREF_low,"{""SREF"": 0.005}",0.6605551221272279,0.47212318350849075,pass,pass,candidate_0023,
SREF_high,"{""SREF"": 0.04}",0.6605551221272268,0.4721231835084898,pass,pass,candidate_0023,
LEN_low,"{""LEN"": 0}",0.6615799766772968,0.46987906463837054,pass,pass,candidate_0023,
LEN_high,"{""LEN"": 100}",0.6508643076809039,0.7631225016872317,pass,pass,candidate_0019,
RW_low,"{""RW"": 0.03}",0.661266728829024,0.4721094438527612,pass,pass,candidate_0023,
RW_high,"{""RW"": 0.2}",0.6595408803170797,0.4721428885578647,pass,pass,candidate_0023,
CD_low,"{""CD"": 3e-11}",0.6605580827499369,0.4708115188993428,pass,pass,candidate_0023,
CD_high,"{""CD"": 1e-10}",0.660549399736071,0.4747169439989865,pass,pass,candidate_0023,
CS_low,"{""CS"": 4e-11}",0.6605571192838338,0.47119783597949666,pass,pass,candidate_0023,
CS_high,"{""CS"": 2e-10}",0.6605460866524657,0.47635409530980777,pass,pass,candidate_0023,
ZIN_low,"{""ZIN"": 1000}",1.7780898487391192,1.5472975219046925,fail,fail,candidate_0023,
ZIN_high,"{""ZIN"": 10000}",0.09445208600885589,0.4726842925334174,pass,pass,candidate_0019,
ZM_low,"{""ZM"": -0.05}",0.662552936896066,0.4723111149155669,pass,pass,candidate_0023,
ZM_high,"{""ZM"": 0.05}",0.660412156343102,0.4719347037448288,pass,pass,candidate_0023,
TEMP_low,"{""TEMP"": -10}",0.6734718996914474,0.5014072812699801,pass,pass,candidate_0023,
TEMP_high,"{""TEMP"": 50}",0.6527197719472353,0.4711157741954496,pass,pass,candidate_0023,
CROSS_low,"{""CROSS"": 0}",0.6612197411775861,0.4772985674441282,pass,pass,candidate_0023,
CROSS_high,"{""CROSS"": 5e-12}",0.6551251954416691,0.8065774422223693,pass,pass,candidate_0019,
jfe150_weak,{},0.6605104192904477,0.48562525341983803,pass,pass,candidate_0023,
jfe150_strong,{},0.6601389384749099,0.4736065209212084,pass,pass,candidate_0023,
