candidate,sref_v_per_pa_at_60v,derived_electronics_dba_conditional,derived_noise_pa_rms,assumption
candidate_0019,0.005,30.377683921724945,0.0012395813423409245,Linear pressure-transfer scaling; unchanged DC/stationary noise. No physical noise qualification.
candidate_0019,0.02,18.336484095165694,0.0003098953355852311,Linear pressure-transfer scaling; unchanged DC/stationary noise. No physical noise qualification.
candidate_0019,0.04,12.31588418188607,0.00015494766779261556,Linear pressure-transfer scaling; unchanged DC/stationary noise. No physical noise qualification.
candidate_0023,0.005,45.66307049750868,0.004206974311275832,Linear pressure-transfer scaling; unchanged DC/stationary noise. No physical noise qualification.
candidate_0023,0.02,33.62187067094943,0.001051743577818958,Linear pressure-transfer scaling; unchanged DC/stationary noise. No physical noise qualification.
candidate_0023,0.04,27.601270757669802,0.000525871788909479,Linear pressure-transfer scaling; unchanged DC/stationary noise. No physical noise qualification.
candidate_0012,0.005,84.53541217033882,0.45558265043339563,Linear pressure-transfer scaling; unchanged DC/stationary noise. No physical noise qualification.
candidate_0012,0.02,72.49421234377957,0.11389566260834891,Linear pressure-transfer scaling; unchanged DC/stationary noise. No physical noise qualification.
candidate_0012,0.04,66.47361243049994,0.056947831304174454,Linear pressure-transfer scaling; unchanged DC/stationary noise. No physical noise qualification.
