experiment_id,candidate_id,status,eligible,novelty_nearest,current_a,conductor_current_mismatch_fraction,internal_rail_v,polarization_dc_v,supplied_power_w,terminal_power_w,sensitivity_v_per_pa_at_1khz,response_deviation_db,lf_db,hf_db,phase_1khz_deg,electronics_noise_pa_rms,electronics_noise_a_pa_rms,electronics_noise_dba_conditional,electronics_ein_v_rms_conditional,electronics_output_v_rms,environment_output_v_rms,full_fixture_output_v_rms,noise_power_closure_relative_error,output_impedance_ohm,impedance_mismatch_fraction,common_mode_to_differential_v_per_v_at_1khz,samples,passing,observed_pass_fraction,failures,seed,loading_loss_db,front_voltage_transfer_ratio_at_1khz,settling_to_1percent_s,rail_target_v,rail_final_v,differential_output_peak_v,hf_peaking_db,analyzed_max_hz,thd_percent,headroom_lower_bound_pa_rms,threshold_percent,frequency_hz,median,p95,p99,worst_observed,metric_sample_count,missing_metric_count,simulation_error_count
20261005T105259Z_5838a3a9,fixture_0001,failed,False,1.0,,,,,,,,,,,,,,,,,,,,,,,,,,,,,,,,,,,,,,,,,,,,,,
20261005T105336Z_887ca146,fixture_0001,failed,False,0.0,,,,,,,,,,,,,,,,,,,,,,,,,,,,,,,,,,,,,,,,,,,,,,
20261005T105400Z_4bd46f4c,fixture_0001,failed,False,0.0,0.002750558768983654,0.0,38.50782168823766,38.46166384546058,0.13202682091121537,0.10629630529612194,0.006178738782427308,3.881675121811769,-3.881675121811769,0.0017120212140183178,1.6975607961759849,0.0005291345307042264,0.00014396393066554427,17.144474001527033,6.7837981496571656e-06,2.890762017402804e-06,4.4816391565647674e-08,2.8913355050987226e-06,6.580265602163224e-16,,,,,,,,,,,,,,,,,,,,,,,,,,,
20261005T105653Z_03fe9987,fixture_0001,failed,False,0.0,0.002750558768983654,0.0,38.50782168823766,38.46166384546058,0.13202682091121537,0.10629630529612194,0.006178738782427308,3.881675121811769,-3.881675121811769,0.0017120212140183178,1.6975607961759849,0.0005291345307042264,0.00014396393066554427,17.144474001527033,6.7837981496571656e-06,2.890762017402804e-06,4.4816391565647674e-08,2.8913355050987226e-06,6.580265602163224e-16,152.09984107643993,0.22494346322099945,0.00014127838214892874,16.0,0.0,0.0,16.0,34047.0,1.050753344546713,0.8860583707155392,1.317713322728136,38.50782168823766,38.50782060512655,0.2875932023860852,0.0016840791639330314,9999999.999999803,,,,,,,,,,,
20261005T110218Z_b4d4a9d2,fixture_0001,failed,False,0.0,0.002750558768983654,0.0,38.50782168823766,38.46166384546058,0.13202682091121537,0.10629630529612194,,,,,,,,,,,,,,,,,,,,,,,,,,,,,,,,,,,,,,,,
20261005T110411Z_cb170d4b,fixture_0001,failed,False,0.0,0.002750558768983654,0.0,38.50782168823766,38.46166384546058,0.13202682091121537,0.10629630529612194,,,,,,,,,,,,,,,,,,,,,,,,,,,,,,,,,,,,,,,,
20261005T110554Z_d4d0b3e8,fixture_0001,failed,False,0.0,0.002750558768983656,0.0,38.50782168823766,38.46166384546057,0.13202682091121548,0.10629630529612207,,,,,,,,,,,,,,,,,,,,,,,,,,,,,,,,,,,,,,,,
20261005T110727Z_a75bc476,fixture_0001,failed,False,0.0,0.002750558768983656,0.0,38.50782168823766,38.46166384546057,0.13202682091121548,0.10629630529612207,,,,,,,,,,,,,,,,,,,,,,,,,,,,,,,,,,,,,,,,
20261005T110607Z_88e36da3,fixture_0001,incomplete,False,0.0,0.002750558768983656,0.0,38.50782168823766,38.46166384546057,0.13202682091121548,0.10629630529612207,,,,,,,,,,,,,,,,,,,,,,,,,,,,,,0.0006252850979189585,112.46826503806983,0.5,1000.0,,,,,,,
20261005T111159Z_39710784,fixture_0001,failed,False,0.0,0.002750558768983656,0.0,38.50782168823766,38.46166384546057,0.13202682091121548,0.10629630529612207,0.006178738782427305,3.8816751218117647,-3.8816751218117655,0.0017120212140221743,1.697560796175984,0.0005291345307042266,0.0001439639306655443,17.144474001527033,6.7837981496571656e-06,2.890762017402804e-06,4.4816391565647674e-08,2.891335505098723e-06,6.580265602163224e-16,152.09984107643984,0.22494346322099884,0.00014127838214892874,16.0,0.0,0.0,16.0,34047.0,1.0507533445467108,0.8860583707155394,1.317674932545195,38.50782168823766,38.50782060521238,0.2877053645198453,0.001684079163936888,9999999.999999803,0.0006252850979189585,112.46826503806983,0.5,1000.0,,,,,,,
20261005T114150Z_816f3e4b,fixture_0001,failed,False,0.0,0.002750558768983656,0.0,38.50782168823766,38.46166384546057,0.13202682091121548,0.10629630529612207,0.006178738782427305,3.8816751218117647,-3.8816751218117655,0.0017120212140221743,1.697560796175984,0.0005291345307042266,0.0001439639306655443,17.144474001527033,6.7837981496571656e-06,2.890762017402804e-06,4.4816391565647674e-08,2.891335505098723e-06,6.580265602163224e-16,152.09984107643984,0.22494346322099884,0.00014127838214892874,16.0,0.0,0.0,16.0,34047.0,1.0507533445467108,0.8860583707155394,1.317674932545195,38.50782168823766,38.50782060521238,0.2877053645198453,0.001684079163936888,9999999.999999803,,,,,,,,,,,
20261005T114408Z_213dac42,fixture_0001,failed,False,0.0,0.002750558768527882,0.0,38.50782168981053,37.88772640424656,0.13202682088933834,0.10629630528277216,0.006090578969042715,0.9940559872981061,-0.994055987298105,-0.003940471108523719,0.6338660268173113,0.0005690716583909439,0.00023773407358633096,21.501228728435944,7.186943765842314e-06,3.478943385963959e-06,4.47301983073627e-08,3.4794100783596523e-06,9.179961833544407e-16,114.05562874725052,0.3764754954849449,0.0005759933073223107,16.0,15.0,0.9375,1.0,34047.0,1.0465082932842322,0.8864915194955156,1.977601519402893,38.50782168981053,38.50747238169761,0.41767529524245295,-0.0039693074303703444,9999999.999999803,2.629771879958027e-05,112.46826503806983,0.5,1000.0,0.6226014082234088,0.8555670642290008,0.8806796638470343,0.8869578137515428,,,
20261005T115024Z_aabe3af7,fixture_0001,error,False,0.0,0.002750558768983656,0.0,38.50782168823766,38.46166384546057,0.13202682091121548,0.10629630529612207,0.006178738782427305,3.8816751218117647,-3.8816751218117655,0.0017120212140221743,1.697560796175984,0.0005291345307042266,0.0001439639306655443,17.144474001527033,6.7837981496571656e-06,2.890762017402804e-06,4.4816391565647674e-08,2.891335505098723e-06,6.580265602163224e-16,152.09984107643984,0.22494346322099884,0.00014127838214892874,16.0,0.0,0.0,16.0,34047.0,1.0507533445467108,0.8860583707155394,1.317674932545195,38.50782168823766,38.50782060521238,0.2877053645198453,0.001684079163936888,9999999.999999803,1.8554798005221428e-05,112.46826503806983,0.5,1000.0,,,,,,,
20261005T115530Z_bb6221ee,fixture_0001,failed,False,0.0,0.002750558768983656,0.0,38.50782168823766,38.46166384546057,0.13202682091121548,0.10629630529612207,0.006178738782427305,3.8816751218117647,-3.8816751218117655,0.0017120212140221743,1.697560796175984,0.0005291345307042266,0.0001439639306655443,17.144474001527033,6.7837981496571656e-06,2.890762017402804e-06,4.4816391565647674e-08,2.891335505098723e-06,6.580265602163224e-16,152.09984107643984,0.22494346322099884,0.00014127838214892874,16.0,0.0,0.0,16.0,34047.0,1.0507533445467108,0.8860583707155394,1.317674932545195,38.50782168823766,38.50782060521238,0.2877053645198453,0.001684079163936888,9999999.999999803,1.8554798005221428e-05,112.46826503806983,0.5,1000.0,,,,,,,
20261005T120010Z_97214525,fixture_0001,failed,False,0.0,0.002750558768527882,0.0,38.50782168981053,37.88772640424656,0.13202682088933834,0.10629630528277216,0.006090578969042715,0.9940559872981061,-0.994055987298105,-0.003940471108523719,0.6338660268173113,0.0005690716583909439,0.00023773407358633096,21.501228728435944,7.186943765842314e-06,3.478943385963959e-06,4.47301983073627e-08,3.4794100783596523e-06,9.179961833544407e-16,114.05562874725052,0.3764754954849449,0.0005759933073223107,16.0,15.0,0.9375,1.0,34047.0,1.0465082932842322,0.8864915194955156,1.977601519402893,38.50782168981053,38.50747238169761,0.41767529524245295,-0.0039693074303703444,9999999.999999803,2.629771879958027e-05,112.46826503806983,0.5,1000.0,0.6226014082234088,0.8555670642290008,0.8806796638470343,0.8869578137515428,,,
20261005T121311Z_f11a711a,fixture_0001,failed,False,0.0,0.002750558768983656,0.0,38.50782168823766,38.46166384546057,0.13202682091121548,0.10629630529612207,0.006178738782427305,3.8816751218117647,-3.8816751218117655,0.0017120212140221743,1.697560796175984,0.0005291345307042266,0.0001439639306655443,17.144474001527033,6.7837981496571656e-06,2.890762017402804e-06,4.4816391565647674e-08,2.891335505098723e-06,6.580265602163224e-16,152.09984107643984,0.22494346322099884,0.00014127838214892874,16.0,0.0,0.0,16.0,34047.0,1.0507533445467108,0.8860583707155394,1.317674932545195,38.50782168823766,38.50782060521238,0.2877053645198453,0.001684079163936888,9999999.999999803,1.8554798005221428e-05,112.46826503806983,0.5,1000.0,3.0851750234551325,3.614043378827147,3.630339395700205,3.6344133999184693,16.0,0.0,0.0
20261005T121440Z_8f1bc311,fixture_0001,failed,False,0.0,0.002750558768527882,0.0,38.50782168981053,37.88772640424656,0.13202682088933834,0.10629630528277216,0.006090578969042715,0.9940559872981061,-0.994055987298105,-0.003940471108523719,0.6338660268173113,0.0005690716583909439,0.00023773407358633096,21.501228728435944,7.186943765842314e-06,3.478943385963959e-06,4.47301983073627e-08,3.4794100783596523e-06,9.179961833544407e-16,114.05562874725052,0.3764754954849449,0.0005759933073223107,16.0,15.0,0.9375,1.0,34047.0,1.0465082932842322,0.8864915194955156,1.977601519402893,38.50782168981053,38.50747238169761,0.41767529524245295,-0.0039693074303703444,9999999.999999803,2.629771879958027e-05,112.46826503806983,0.5,1000.0,0.6299747166019052,0.9254000355102968,1.0176613677313064,1.0407267007865588,16.0,0.0,0.0
