device_id,manufacturer,exact_mpn,package,roles,investigated,acquired,characterized,behavior_record,lifecycle,sourcing_register,combination_qualified,physical_owned_stock
jfe150,Texas Instruments,JFE150DBVR,SOT-23-5 DBV,high_impedance,True,True,True,results/device_models/20261005T185102Z_95a6dda5/results.json,"{'status': 'active', 'checked_date': '2026-10-05', 'source_url': 'https://www.ti.com/product/JFE150'}",research/procurement/semiconductors_2026-10-05.yaml,False,unknown
vishay_2n7002k,Vishay Siliconix,2N7002K-T1-GE3,SOT-23 TO-236; G=1 S=2 D=3,p48_power,True,True,True,results/device_models/20261009T070419Z_3bd1122a/results.json,"{'status': 'current_manufacturer_catalogue_supplier_active; explicit manufacturer lifecycle label not found', 'checked_date': '2026-10-09', 'source_url': 'https://www.vishay.com/en/product/71333/tab/quality/', 'limitation': 'Current exact order-code listing is not a stock reservation or an assurance of future production.'}",research/procurement/semiconductors_2026-10-09.yaml,False,unknown
bc846b,Nexperia,"BC846B,215",SOT-23,low_noise_bipolar;balanced_output,True,True,True,results/device_models/20261005T185102Z_95a6dda5/results.json,"{'status': 'production', 'checked_date': '2026-10-05', 'source_url': 'https://www.nexperia.com/product/BC846B'}",research/procurement/semiconductors_2026-10-05.yaml,False,unknown
bc856b,Nexperia,"BC856B,215",SOT-23,balanced_output,True,True,True,results/device_models/20261005T185102Z_95a6dda5/results.json,"{'status': 'production', 'checked_date': '2026-10-05', 'source_url': 'https://www.nexperia.com/product/BC856B'}",research/procurement/semiconductors_2026-10-05.yaml,False,unknown
opa197,Texas Instruments,OPA197IDBVR,SOT-23-5 DBV,guard_servo,True,True,True,results/device_models/20261005T185102Z_95a6dda5/results.json,"{'status': 'active', 'checked_date': '2026-10-05', 'source_url': 'https://www.ti.com/product/OPA197'}",research/procurement/semiconductors_2026-10-05.yaml,False,unknown
2n7002,Nexperia,"2N7002,215",SOT-23,,True,False,True,results/device_models/20261005T185102Z_95a6dda5/results.json,"{'status': 'production', 'checked_date': '2026-10-05', 'source_url': 'https://www.nexperia.com/product/2N7002'}",research/procurement/semiconductors_2026-10-05.yaml,False,unknown
mmbfj113,onsemi,MMBFJ113,SOT-23,high_impedance,True,False,False,,"{'status': 'unverified_exact_order_code', 'checked_date': '2026-10-05', 'source_url': 'https://www.onsemi.com/design/tools-software/product-recommendation-tools-plus/jfet/products'}",research/procurement/semiconductors_2026-10-05.yaml,False,unknown
jfe2140,Texas Instruments,JFE2140DR,SOIC-8 D,high_impedance;protection,True,True,True,results/device_models/20261009T133651Z_parts_d3c30763/results.json,"{'status': 'active_catalogue_observed', 'checked_date': '2026-10-09', 'source_url': 'https://www.ti.com/product/JFE2140'}",research/procurement/parts_expansion_001_2026-10-09.yaml,False,unknown
lsk170a,Linear Systems,LSK170A TO-92 3L ROHS,TO-92 3L,high_impedance,True,True,True,results/device_models/20261009T133651Z_parts_d3c30763/results.json,"{'status': 'current_catalogue_present_exact_lifecycle_not_fully_verified', 'checked_date': '2026-10-09', 'source_url': 'https://www.linearsystems.com/jfetamplifierssingles/lsk170-series'}",research/procurement/parts_expansion_001_2026-10-09.yaml,False,unknown
lsk389a,Linear Systems,LSK389A SOIC 8L ROHS,SOIC-8,high_impedance,True,True,False,,"{'status': 'current_catalogue_present_exact_lifecycle_not_fully_verified', 'checked_date': '2026-10-09', 'source_url': 'https://www.linearsystems.com/jfet-amplifiers-duals/lsk389-series'}",research/procurement/parts_expansion_001_2026-10-09.yaml,False,unknown
pmbt5551,Nexperia,"PMBT5551,215",SOT-23,p48_power;balanced_output,True,True,True,results/device_models/20261009T133651Z_parts_d3c30763/results.json,"{'status': 'current_catalogue_present_exact_lifecycle_not_fully_verified', 'checked_date': '2026-10-09', 'source_url': 'https://www.nexperia.com/product/PMBT5551'}",research/procurement/parts_expansion_001_2026-10-09.yaml,False,unknown
diotec_mmbt5551,Diotec Semiconductor,MMBT5551,SOT-23,p48_power,True,True,False,,"{'status': 'active_catalogue_observed', 'checked_date': '2026-10-09', 'source_url': 'https://diotec.com/en/product/MMBT5551.html'}",research/procurement/parts_expansion_001_2026-10-09.yaml,False,unknown
bc850c,Nexperia,"BC850C,215",SOT-23,low_noise_bipolar,True,True,True,results/device_models/20261009T133651Z_parts_d3c30763/results.json,"{'status': 'current_catalogue_present_exact_lifecycle_not_fully_verified', 'checked_date': '2026-10-09', 'source_url': 'https://www.nexperia.com/product/BC850C'}",research/procurement/parts_expansion_001_2026-10-09.yaml,False,unknown
bav199,Nexperia,"BAV199,215",SOT-23,protection,True,True,True,results/device_models/20261009T133651Z_parts_d3c30763/results.json,"{'status': 'current_catalogue_present_exact_lifecycle_not_fully_verified', 'checked_date': '2026-10-09', 'source_url': 'https://www.nexperia.com/product/BAV199'}",research/procurement/parts_expansion_001_2026-10-09.yaml,False,unknown
opa928,Texas Instruments,OPA928DT,SOIC-8 D,guard_servo,True,True,True,results/device_models/20261009T133651Z_parts_d3c30763/results.json,"{'status': 'active_catalogue_observed', 'checked_date': '2026-10-09', 'source_url': 'https://www.ti.com/product/OPA928'}",research/procurement/parts_expansion_001_2026-10-09.yaml,False,unknown
opa1656,Texas Instruments,OPA1656IDR,SOIC-8 D,balanced_output,True,True,False,,"{'status': 'active_catalogue_observed', 'checked_date': '2026-10-09', 'source_url': 'https://www.ti.com/product/OPA1656'}",research/procurement/parts_expansion_001_2026-10-09.yaml,False,unknown
lmp7721,Texas Instruments,LMP7721MA/NOPB,SOIC-8,guard_servo,True,True,False,,"{'status': 'active_catalogue_observed', 'checked_date': '2026-10-09', 'source_url': 'https://www.ti.com/product/LMP7721'}",research/procurement/parts_expansion_001_2026-10-09.yaml,False,unknown
